moist,soilT,EC,airT,airH,Fase_Tanam,Label
50.6,31.1,2069.0,33.5,93.8,1000,Flushing Air
55.4,31.2,1523.0,29.4,89.4,1000,NPK 15-10-12
72.3,26.2,1100.0,31.6,76.5,1000,SP-36
83.5,25.1,1070.0,33.1,77.1,0,ZA
43.0,30.3,623.0,32.3,93.0,0,Urea
62.7,29.8,2133.0,29.2,69.6,1000,Flushing Air
58.4,31.3,2884.0,27.0,94.2,0,Flushing Air
69.6,29.5,210.0,29.8,87.3,1000,SP-36
49.8,29.6,147.0,27.9,93.7,0,Urea
76.3,31.4,2701.0,32.8,84.6,1000,Flushing Air
68.6,31.1,510.0,31.6,75.2,1000,SP-36
53.9,25.9,882.0,30.9,92.1,0,Urea
60.0,27.0,220.0,27.3,73.2,0,Urea
82.9,29.2,714.0,33.4,74.5,0,ZA
63.6,25.6,1476.0,29.3,64.1,1000,NPK 15-10-12
40.4,30.9,2144.0,28.7,60.4,0,Flushing Air
70.7,25.0,2619.0,28.9,78.4,1000,Flushing Air
67.9,26.0,940.0,28.3,80.8,0,Urea
73.6,31.9,2453.0,28.7,76.9,1000,Flushing Air
69.4,31.1,1572.0,26.3,85.1,1000,SP-36
81.2,31.3,1071.0,31.4,94.6,0,ZA
42.9,25.1,2206.0,31.1,79.9,0,Flushing Air
50.2,29.1,1624.0,29.9,85.3,1000,NPK 15-10-12
45.4,31.3,102.0,28.0,88.5,0,Urea
64.5,29.0,1224.0,27.7,66.0,1000,NPK 15-10-12
50.5,30.5,1216.0,27.3,78.8,0,Urea
55.6,30.9,1823.0,31.5,89.9,1000,NPK 15-10-12
58.8,30.2,2446.0,27.2,74.1,0,Flushing Air
67.5,28.2,1981.0,32.7,76.2,0,Urea
53.6,25.1,1960.0,30.8,85.4,1000,NPK 15-10-12
82.5,27.3,2150.0,29.8,89.4,1000,Flushing Air
73.7,29.3,1926.0,32.5,62.8,1000,SP-36
67.7,29.3,1603.0,26.3,66.6,1000,SP-36
73.4,28.8,1809.0,28.7,81.7,1000,SP-36
89.5,25.2,718.0,30.5,93.2,1000,KCl
69.0,29.2,2777.0,32.7,87.2,1000,Flushing Air
71.3,27.9,2691.0,29.7,92.8,1000,Flushing Air
77.2,31.7,1198.0,33.0,73.3,1000,SP-36
74.3,30.0,317.0,31.9,69.4,1000,SP-36
41.7,29.5,281.0,29.8,91.4,0,Urea
72.7,25.0,1139.0,27.8,65.1,0,ZA
89.5,27.6,2872.0,31.8,65.9,1000,Flushing Air
79.0,25.7,1182.0,29.3,63.8,0,ZA
89.7,28.5,1225.0,31.6,79.9,1000,KCl
66.6,28.6,454.0,29.8,88.0,0,Urea
87.6,26.4,2664.0,32.6,82.1,0,Flushing Air
46.5,30.3,1882.0,31.3,80.1,1000,NPK 15-10-12
45.2,25.1,2663.0,33.0,74.8,1000,Flushing Air
49.7,30.4,749.0,27.9,60.9,0,Urea
84.1,30.9,1510.0,27.3,74.9,1000,KCl
50.8,26.4,2270.0,29.8,82.2,0,Flushing Air
55.4,27.2,1928.0,30.6,71.6,0,Urea
54.5,25.2,2166.0,27.5,82.4,1000,Flushing Air
72.1,30.1,1505.0,31.5,72.2,1000,SP-36
60.6,30.2,231.0,33.3,69.8,0,Urea
43.9,25.8,2396.0,26.9,87.5,1000,Flushing Air
51.0,27.0,813.0,27.0,74.9,0,Urea
48.7,26.6,1917.0,30.0,78.3,1000,NPK 15-10-12
49.1,27.0,1432.0,29.0,91.1,0,Urea
65.4,29.6,2714.0,26.4,78.3,1000,Flushing Air
43.3,26.0,931.0,26.0,75.2,0,Urea
77.8,25.9,366.0,29.4,82.1,1000,SP-36
45.9,26.0,2612.0,32.1,72.8,0,Flushing Air
79.4,31.3,2022.0,29.8,74.4,0,Flushing Air
41.9,26.1,2661.0,26.5,88.2,1000,Flushing Air
48.6,32.0,1545.0,26.3,65.8,0,Urea
43.7,26.4,2571.0,33.7,62.0,1000,Flushing Air
82.7,28.4,1424.0,27.2,65.4,1000,KCl
83.8,28.3,1919.0,33.6,82.0,1000,KCl
51.0,29.6,1318.0,26.5,77.7,1000,NPK 15-10-12
84.1,28.9,1137.0,26.1,67.8,1000,KCl
48.5,28.0,300.0,31.0,71.3,0,Urea
49.5,28.1,609.0,28.0,91.8,0,Urea
77.0,31.2,2423.0,27.1,72.2,1000,Flushing Air
87.2,30.6,1671.0,28.1,64.4,0,ZA
50.4,26.6,513.0,32.6,84.9,0,Urea
74.3,25.9,642.0,30.1,79.1,0,ZA
85.7,29.9,215.0,26.5,93.6,1000,KCl
43.3,26.2,1070.0,32.6,92.5,0,Urea
63.7,25.6,718.0,27.0,77.3,0,Urea
66.9,26.3,1026.0,32.7,68.8,1000,SP-36
46.1,27.9,2642.0,29.1,65.1,1000,Flushing Air
56.9,29.7,2861.0,33.5,62.0,0,Flushing Air
65.0,31.7,2988.0,28.9,72.7,0,Flushing Air
85.8,29.1,2028.0,26.1,81.1,1000,Flushing Air
43.0,25.3,1638.0,26.4,94.3,1000,NPK 15-10-12
85.4,25.7,2843.0,33.4,87.8,1000,Flushing Air
49.3,26.9,889.0,26.5,82.5,0,Urea
50.4,27.4,2734.0,31.3,65.6,0,Flushing Air
59.2,25.3,2465.0,33.7,77.6,1000,Flushing Air
69.5,26.7,497.0,29.1,73.6,0,Urea
75.4,28.9,981.0,27.2,60.9,1000,SP-36
52.9,29.9,1111.0,33.7,82.5,0,Urea
85.9,25.2,1209.0,27.5,92.0,1000,KCl
61.9,31.1,2899.0,29.8,87.9,0,Flushing Air
65.2,25.8,530.0,32.0,70.2,1000,SP-36
73.0,28.0,1505.0,27.2,67.5,1000,SP-36
85.8,26.0,690.0,26.8,82.2,1000,KCl
61.9,26.7,1044.0,28.5,75.8,1000,NPK 15-10-12
41.1,25.0,2312.0,27.1,77.9,0,Flushing Air
70.4,31.9,2597.0,26.2,90.8,0,Flushing Air
54.2,30.1,2787.0,31.1,77.0,0,Flushing Air
78.7,27.1,1347.0,28.4,66.6,0,ZA
70.9,25.9,1919.0,31.1,83.5,1000,SP-36
64.7,31.9,2176.0,27.9,62.8,0,Flushing Air
55.9,30.0,261.0,29.9,84.4,1000,NPK 15-10-12
89.8,27.5,1864.0,27.1,91.4,0,ZA
60.4,29.7,1369.0,32.2,91.9,0,Urea
56.7,29.1,2399.0,26.9,94.1,1000,Flushing Air
47.7,25.4,969.0,29.5,64.0,0,Urea
49.1,26.6,1863.0,33.2,85.2,0,Urea
62.2,27.6,136.0,26.7,69.0,1000,NPK 15-10-12
82.9,27.7,617.0,29.1,61.5,0,ZA
55.1,27.5,188.0,29.4,78.3,0,Urea
64.1,28.0,2888.0,28.7,90.2,0,Flushing Air
71.9,27.4,696.0,31.9,81.5,0,ZA
61.9,30.0,2326.0,32.3,77.3,1000,Flushing Air
62.6,31.4,293.0,33.4,92.4,1000,NPK 15-10-12
58.7,27.6,997.0,32.7,65.1,1000,NPK 15-10-12
77.3,28.7,187.0,26.2,65.3,0,ZA
79.5,28.1,2317.0,29.8,78.8,1000,Flushing Air
78.6,30.3,237.0,28.8,83.1,0,ZA
79.8,25.6,1399.0,26.3,73.1,0,ZA
82.8,30.4,1093.0,28.7,74.0,0,ZA
54.4,27.7,2137.0,32.3,94.3,0,Flushing Air
79.0,28.8,2886.0,27.8,74.0,0,Flushing Air
45.4,25.0,2502.0,30.7,61.9,1000,Flushing Air
41.3,30.5,1231.0,32.1,84.8,1000,NPK 15-10-12
52.2,31.9,2080.0,32.3,89.7,0,Flushing Air
74.9,26.0,1718.0,29.1,88.9,0,ZA
65.1,29.9,1538.0,33.4,93.7,0,Urea
42.7,27.5,463.0,27.9,71.7,1000,NPK 15-10-12
74.2,30.5,1871.0,27.0,89.3,1000,SP-36
65.6,26.2,1639.0,29.1,92.9,1000,SP-36
75.5,31.9,2502.0,26.7,94.4,1000,Flushing Air
43.9,27.9,421.0,27.6,62.4,1000,NPK 15-10-12
89.3,29.6,2210.0,33.4,76.7,0,Flushing Air
44.1,28.8,1355.0,31.2,66.3,0,Urea
68.6,29.5,493.0,33.5,84.9,0,Urea
42.9,28.9,1428.0,31.0,79.8,0,Urea
62.8,29.5,790.0,29.8,61.2,0,Urea
75.5,25.8,105.0,33.7,64.2,1000,SP-36
60.0,30.8,315.0,28.0,78.9,0,Urea
84.1,27.0,874.0,26.5,65.7,0,ZA
86.0,26.4,2507.0,30.7,67.9,1000,Flushing Air
41.9,32.0,2400.0,33.3,75.6,0,Flushing Air
67.7,25.5,1973.0,30.7,66.7,0,Urea
75.7,30.6,1925.0,32.1,90.6,1000,SP-36
61.1,29.0,576.0,29.8,87.1,1000,NPK 15-10-12
48.4,25.3,2773.0,29.2,62.0,0,Flushing Air
75.1,28.5,1913.0,26.2,63.4,0,ZA
77.9,31.0,964.0,33.1,63.5,0,ZA
67.8,29.9,218.0,27.3,78.8,0,Urea
58.5,27.5,1055.0,33.2,92.0,1000,NPK 15-10-12
77.6,28.7,424.0,29.9,73.9,0,ZA
52.8,30.3,2040.0,26.9,74.1,0,Flushing Air
56.2,26.9,1410.0,29.1,88.4,0,Urea
76.0,31.0,2594.0,28.0,71.7,1000,Flushing Air
52.9,30.4,1278.0,27.8,66.9,0,Urea
64.0,28.8,1695.0,27.9,66.9,1000,NPK 15-10-12
46.4,29.6,1345.0,33.9,81.5,1000,NPK 15-10-12
44.2,27.9,941.0,27.7,81.1,0,Urea
68.1,29.3,1877.0,32.0,94.3,0,Urea
69.3,29.7,2137.0,29.4,89.1,1000,Flushing Air
50.8,28.9,2488.0,27.0,93.3,0,Flushing Air
78.3,26.1,2892.0,31.3,64.8,1000,Flushing Air
63.4,31.6,2369.0,32.0,64.8,1000,Flushing Air
74.8,29.5,2702.0,27.2,79.0,0,Flushing Air
55.7,27.8,1175.0,28.7,94.1,1000,NPK 15-10-12
79.1,25.5,2616.0,30.3,93.8,1000,Flushing Air
86.7,25.3,2308.0,26.8,75.5,0,Flushing Air
66.0,30.6,2569.0,28.6,69.0,1000,Flushing Air
89.4,31.7,107.0,32.8,76.2,1000,KCl
86.3,28.1,2694.0,30.6,91.8,0,Flushing Air
43.9,25.6,2510.0,29.7,63.0,1000,Flushing Air
74.8,26.4,1823.0,32.4,70.1,0,ZA
87.6,29.4,1329.0,26.3,67.3,1000,KCl
77.9,27.6,1613.0,28.5,85.9,1000,SP-36
54.9,27.9,1329.0,32.2,93.5,1000,NPK 15-10-12
86.0,29.1,1849.0,31.0,82.0,1000,KCl
73.1,27.7,2502.0,26.7,62.8,0,Flushing Air
80.2,25.4,2798.0,28.3,61.4,1000,Flushing Air
78.9,25.1,1673.0,30.3,71.6,0,ZA
65.8,30.2,2871.0,27.9,75.6,1000,Flushing Air
85.8,26.8,764.0,29.1,84.8,0,ZA
43.0,26.7,2058.0,28.8,76.7,0,Flushing Air
46.1,31.8,2256.0,33.2,60.7,1000,Flushing Air
83.5,26.4,2904.0,27.6,73.0,1000,Flushing Air
48.2,27.5,1246.0,33.5,73.2,0,Urea
41.7,25.5,1260.0,32.1,94.3,0,Urea
53.6,28.3,2224.0,32.4,77.8,1000,Flushing Air
67.7,31.5,2373.0,30.5,73.7,1000,Flushing Air
59.2,26.7,2157.0,29.6,60.0,0,Flushing Air
48.4,27.7,2400.0,26.7,77.6,1000,Flushing Air
40.5,28.4,292.0,27.5,64.1,1000,NPK 15-10-12
88.4,31.8,658.0,33.6,84.8,1000,KCl
87.3,28.0,2715.0,29.9,66.7,1000,Flushing Air
49.1,28.2,2285.0,31.9,72.8,0,Flushing Air
89.4,30.6,2736.0,27.1,66.4,1000,Flushing Air
40.9,30.5,2731.0,28.8,90.1,1000,Flushing Air
52.4,31.5,2078.0,30.3,63.9,0,Flushing Air
47.9,31.0,590.0,32.4,67.9,0,Urea
67.0,31.8,2127.0,33.7,94.6,1000,Flushing Air
83.1,29.8,572.0,33.6,83.7,1000,KCl
75.8,27.6,2110.0,32.2,64.2,0,Flushing Air
75.0,29.1,130.0,31.1,61.1,1000,SP-36
53.8,29.0,2117.0,33.5,68.9,1000,Flushing Air
57.7,29.9,1784.0,27.2,63.4,0,Urea
71.0,29.9,960.0,32.2,91.4,1000,SP-36
82.1,31.1,793.0,27.8,88.9,0,ZA
42.3,31.8,2569.0,34.0,65.8,1000,Flushing Air
56.1,30.6,471.0,33.6,91.4,0,Urea
44.9,31.6,2803.0,32.4,85.4,0,Flushing Air
75.6,28.7,420.0,29.9,76.3,0,ZA
62.3,31.1,435.0,28.0,76.6,1000,NPK 15-10-12
86.9,31.8,1623.0,31.5,73.3,0,ZA
75.8,30.6,1743.0,27.5,93.6,1000,SP-36
73.0,30.9,2267.0,27.6,72.7,1000,Flushing Air
76.9,27.3,712.0,26.7,85.8,0,ZA
44.2,29.8,2845.0,33.1,71.5,0,Flushing Air
52.0,26.8,958.0,29.1,88.7,0,Urea
59.3,31.1,676.0,27.7,88.7,0,Urea
67.5,29.8,2541.0,26.3,86.0,0,Flushing Air
88.7,29.6,1538.0,29.5,94.0,0,ZA
55.1,26.2,2607.0,29.4,71.7,0,Flushing Air
65.7,26.2,508.0,27.6,82.2,1000,SP-36
76.3,25.4,2568.0,29.7,70.9,1000,Flushing Air
50.3,26.5,2065.0,31.9,75.9,0,Flushing Air
58.7,30.1,631.0,33.0,88.6,0,Urea
61.5,26.4,2143.0,30.0,71.3,0,Flushing Air
44.8,26.9,255.0,32.4,78.3,0,Urea
49.2,27.7,201.0,29.0,86.8,0,Urea
57.7,25.8,878.0,27.8,78.0,1000,NPK 15-10-12
81.5,28.2,2483.0,32.7,90.2,1000,Flushing Air
68.8,25.8,1320.0,28.1,89.0,1000,SP-36
73.2,27.1,2397.0,29.1,89.0,0,Flushing Air
73.5,30.1,1154.0,26.4,84.5,0,ZA
45.1,31.4,2463.0,30.7,82.6,1000,Flushing Air
56.9,27.7,2373.0,27.1,63.0,0,Flushing Air
81.8,31.0,1377.0,33.8,68.0,1000,KCl
65.1,29.1,2848.0,33.0,92.0,0,Flushing Air
59.5,26.7,1966.0,28.5,60.0,1000,NPK 15-10-12
60.0,29.0,1332.0,29.2,88.1,0,Urea
77.6,30.0,178.0,27.1,85.7,0,ZA
71.2,27.1,279.0,31.9,68.2,1000,SP-36
68.7,31.1,465.0,33.9,82.8,1000,SP-36
41.6,31.1,2011.0,33.4,86.0,0,Flushing Air
66.5,26.4,2433.0,32.7,78.9,1000,Flushing Air
57.8,28.4,2742.0,27.9,64.6,0,Flushing Air
41.9,31.6,1557.0,29.0,65.4,1000,NPK 15-10-12
67.5,25.1,2633.0,30.9,63.8,0,Flushing Air
56.8,28.9,1508.0,32.9,94.0,1000,NPK 15-10-12
87.4,27.3,1401.0,28.0,74.5,1000,KCl
72.2,31.5,2678.0,32.7,72.0,1000,Flushing Air
84.6,27.2,138.0,26.9,87.0,0,ZA
60.3,27.4,2378.0,33.3,75.2,0,Flushing Air
44.5,28.2,1368.0,27.4,77.2,0,Urea
88.9,28.7,1082.0,27.5,77.6,0,ZA
82.7,26.9,1043.0,28.0,92.1,0,ZA
85.5,28.8,1525.0,32.1,81.0,1000,KCl
42.3,30.4,1499.0,33.0,92.5,0,Urea
52.3,27.4,1545.0,26.9,72.6,1000,NPK 15-10-12
72.2,29.6,825.0,28.6,82.7,0,ZA
60.4,30.8,1060.0,29.2,68.9,0,Urea
75.3,27.1,222.0,27.2,92.1,0,ZA
55.0,25.4,1344.0,26.7,73.8,1000,NPK 15-10-12
84.2,25.7,695.0,28.4,94.8,0,ZA
56.1,27.3,251.0,33.0,65.2,1000,NPK 15-10-12
74.0,29.9,467.0,26.2,76.6,1000,SP-36
51.5,27.4,862.0,26.8,90.4,1000,NPK 15-10-12
57.8,25.5,1885.0,33.8,88.5,1000,NPK 15-10-12
48.1,29.9,2574.0,26.3,79.8,0,Flushing Air
49.7,28.1,799.0,29.2,62.0,1000,NPK 15-10-12
57.8,25.3,1270.0,30.9,77.1,1000,NPK 15-10-12
65.7,31.2,2414.0,32.8,81.5,1000,Flushing Air
74.6,27.4,2958.0,28.2,94.3,1000,Flushing Air
47.1,30.6,2915.0,28.7,77.3,1000,Flushing Air
52.8,29.2,1479.0,28.0,86.1,0,Urea
60.6,28.3,2057.0,27.6,65.2,0,Flushing Air
63.2,26.8,311.0,28.3,78.2,1000,NPK 15-10-12
47.3,29.4,2426.0,26.0,84.6,0,Flushing Air
53.6,29.9,2709.0,33.9,87.2,1000,Flushing Air
54.6,29.9,533.0,27.5,73.0,1000,NPK 15-10-12
60.5,28.9,1362.0,33.9,71.7,0,Urea
48.5,31.3,115.0,33.5,60.8,0,Urea
86.3,32.0,1310.0,32.6,84.3,0,ZA
89.2,30.9,2117.0,33.8,68.3,1000,Flushing Air
42.6,28.1,2326.0,27.9,90.0,0,Flushing Air
49.6,27.9,468.0,32.2,74.8,1000,NPK 15-10-12
44.0,29.9,2500.0,26.1,84.6,1000,Flushing Air
76.4,25.6,2897.0,29.8,70.0,1000,Flushing Air
75.9,30.3,1646.0,31.6,87.3,0,ZA
76.8,29.7,1657.0,26.6,85.1,1000,SP-36
56.9,29.3,2876.0,30.9,85.0,1000,Flushing Air
87.1,27.1,2236.0,27.5,84.4,1000,Flushing Air
56.2,29.4,2582.0,32.3,69.1,0,Flushing Air
85.5,28.2,2731.0,31.8,89.1,1000,Flushing Air
57.9,25.3,725.0,28.3,60.3,1000,NPK 15-10-12
55.5,28.8,2567.0,34.0,76.7,0,Flushing Air
63.6,31.3,1295.0,29.7,85.8,0,Urea
79.7,26.7,623.0,26.5,88.0,0,ZA
55.5,30.9,2948.0,33.7,78.3,0,Flushing Air
63.9,27.6,2477.0,28.1,60.3,1000,Flushing Air
68.1,30.5,2681.0,33.6,62.8,0,Flushing Air
60.4,31.6,2748.0,32.8,84.3,1000,Flushing Air
84.1,28.7,1405.0,26.1,66.9,0,ZA
79.7,25.3,852.0,29.0,81.1,1000,SP-36
87.8,25.0,1663.0,29.5,86.0,0,ZA
52.1,29.5,1080.0,33.1,65.6,1000,NPK 15-10-12
41.4,26.7,1283.0,32.7,69.4,0,Urea
53.9,28.3,2505.0,27.7,91.5,1000,Flushing Air
40.0,30.2,2025.0,26.3,74.9,0,Flushing Air
72.6,29.8,2352.0,29.6,92.9,0,Flushing Air
80.8,26.6,1173.0,30.1,66.3,0,ZA
77.6,30.1,1417.0,29.7,76.5,0,ZA
85.8,25.4,1062.0,28.7,82.3,0,ZA
76.0,28.4,268.0,27.7,83.8,0,ZA
42.3,28.6,1386.0,32.0,66.7,1000,NPK 15-10-12
46.8,27.8,1389.0,30.7,94.0,0,Urea
71.9,30.3,2244.0,27.5,68.6,0,Flushing Air
51.8,26.0,585.0,29.9,91.6,0,Urea
68.3,27.8,688.0,33.4,67.7,1000,SP-36
78.7,25.5,892.0,31.6,75.9,0,ZA
66.9,26.1,2431.0,26.6,84.5,1000,Flushing Air
64.0,27.6,1276.0,31.8,76.8,0,Urea
46.5,31.4,734.0,33.0,71.7,0,Urea
54.0,30.7,273.0,30.2,67.9,1000,NPK 15-10-12
70.7,28.8,284.0,32.2,77.6,0,ZA
61.1,26.0,1775.0,29.9,80.7,0,Urea
53.5,28.3,2122.0,27.6,94.4,0,Flushing Air
78.0,30.9,1355.0,32.0,91.1,1000,SP-36
53.4,29.4,1304.0,28.0,67.7,0,Urea
54.6,29.5,801.0,31.7,71.2,1000,NPK 15-10-12
82.9,28.5,2365.0,27.3,81.2,0,Flushing Air
65.1,27.5,1710.0,32.5,67.9,0,Urea
48.9,29.4,1087.0,31.4,74.4,1000,NPK 15-10-12
89.7,27.3,1441.0,26.6,73.5,1000,KCl
53.5,29.9,1354.0,28.8,75.0,0,Urea
72.3,31.7,2922.0,27.3,67.8,1000,Flushing Air
85.7,27.1,2707.0,28.6,67.7,1000,Flushing Air
77.8,26.0,499.0,28.5,74.8,0,ZA
87.1,25.6,2500.0,27.1,88.2,1000,Flushing Air
50.0,29.1,2849.0,26.5,72.5,1000,Flushing Air
60.5,29.9,2026.0,33.1,66.2,1000,Flushing Air
84.3,31.0,512.0,27.1,68.2,0,ZA
82.2,28.5,245.0,28.0,89.5,1000,KCl
62.2,28.1,2186.0,27.1,94.4,0,Flushing Air
69.4,27.9,2647.0,28.3,90.6,0,Flushing Air
69.1,25.4,1630.0,32.6,92.6,1000,SP-36
48.0,30.5,1435.0,29.4,84.0,1000,NPK 15-10-12
55.9,31.9,372.0,33.0,66.5,0,Urea
88.5,26.4,1678.0,33.6,62.3,1000,KCl
69.8,25.5,643.0,30.5,76.5,0,Urea
76.7,29.5,1184.0,32.1,60.1,1000,SP-36
65.2,25.9,2690.0,31.0,88.3,0,Flushing Air
56.0,28.1,1707.0,26.2,64.2,1000,NPK 15-10-12
72.3,28.6,2093.0,30.2,72.0,1000,Flushing Air
43.7,30.9,1294.0,29.0,81.6,0,Urea
52.9,27.4,1419.0,28.9,69.4,0,Urea
77.4,29.0,1970.0,32.2,64.9,0,ZA
80.0,25.6,717.0,30.5,94.7,0,ZA
44.4,30.3,2531.0,34.0,90.1,1000,Flushing Air
74.9,27.3,1994.0,32.8,65.4,0,ZA
89.2,25.4,1029.0,26.6,73.7,1000,KCl
59.7,31.2,471.0,29.2,82.1,1000,NPK 15-10-12
85.9,30.1,587.0,31.3,68.5,1000,KCl
74.9,27.8,2756.0,29.6,90.1,0,Flushing Air
54.1,29.9,1278.0,33.6,72.2,0,Urea
84.3,29.3,2262.0,31.7,65.3,0,Flushing Air
51.2,27.6,2026.0,33.5,68.2,0,Flushing Air
61.5,25.2,1872.0,30.9,66.5,1000,NPK 15-10-12
88.4,27.5,332.0,26.6,75.2,0,ZA
85.1,28.2,2383.0,28.3,65.8,0,Flushing Air
57.0,29.4,938.0,31.2,61.4,1000,NPK 15-10-12
74.4,25.5,2349.0,27.4,77.3,0,Flushing Air
62.3,27.0,709.0,32.9,85.2,1000,NPK 15-10-12
46.7,27.1,427.0,29.0,88.3,1000,NPK 15-10-12
71.4,31.4,654.0,27.2,72.7,0,ZA
80.9,28.1,539.0,31.6,92.6,0,ZA
88.2,30.3,2289.0,26.5,78.9,0,Flushing Air
75.2,31.1,1638.0,29.6,73.9,1000,SP-36
47.8,29.6,2677.0,30.3,64.0,1000,Flushing Air
79.8,29.9,1618.0,27.3,72.8,0,ZA
40.8,27.0,2430.0,28.9,83.4,1000,Flushing Air
89.6,27.8,946.0,28.7,90.4,1000,KCl
85.6,26.5,897.0,33.3,81.1,0,ZA
78.6,27.1,2530.0,28.7,91.5,1000,Flushing Air
64.0,29.2,190.0,27.4,62.6,1000,NPK 15-10-12
50.8,29.0,833.0,27.4,76.6,0,Urea
82.0,29.2,966.0,31.9,80.8,0,ZA
64.5,27.2,2042.0,27.8,63.0,1000,Flushing Air
57.5,27.8,1834.0,27.3,80.4,0,Urea
72.4,25.6,622.0,32.3,62.3,0,ZA
51.7,26.6,286.0,32.1,60.3,0,Urea
49.4,29.3,2822.0,30.4,85.8,0,Flushing Air
81.9,27.1,1186.0,32.5,92.8,1000,KCl
58.1,31.6,1912.0,29.0,70.3,0,Urea
40.6,25.7,1542.0,33.3,80.6,1000,NPK 15-10-12
86.5,31.5,2548.0,29.5,69.2,0,Flushing Air
88.1,25.5,881.0,31.8,74.5,1000,KCl
58.2,30.0,457.0,32.4,80.0,0,Urea
67.7,26.9,1324.0,29.6,77.8,1000,SP-36
72.5,28.6,2666.0,28.5,70.5,0,Flushing Air
69.1,27.1,696.0,28.9,66.4,1000,SP-36
61.4,29.0,316.0,28.4,88.9,0,Urea
56.0,25.1,2865.0,31.1,67.2,0,Flushing Air
50.2,26.6,2459.0,28.0,76.5,1000,Flushing Air
82.8,29.1,342.0,29.9,88.0,0,ZA
60.9,28.5,1315.0,30.9,63.7,0,Urea
80.1,27.2,1170.0,33.2,63.2,1000,KCl
65.5,28.4,567.0,31.3,63.7,0,Urea
58.5,28.0,239.0,26.9,74.6,0,Urea
89.8,31.3,2295.0,31.5,76.8,1000,Flushing Air
62.2,31.6,2918.0,30.6,85.5,0,Flushing Air
49.4,28.3,363.0,31.0,87.3,1000,NPK 15-10-12
62.6,30.4,334.0,30.7,89.8,1000,NPK 15-10-12
77.4,31.1,604.0,27.5,94.9,0,ZA
57.2,26.6,663.0,28.7,62.4,0,Urea
46.1,27.7,479.0,30.4,73.6,0,Urea
58.8,29.1,2018.0,29.6,71.9,0,Flushing Air
50.9,30.4,810.0,30.5,66.7,0,Urea
55.8,27.5,2083.0,27.5,64.2,1000,Flushing Air
61.7,28.9,2272.0,29.4,78.6,0,Flushing Air
59.6,28.9,2885.0,27.3,94.7,1000,Flushing Air
48.5,29.7,134.0,30.8,87.5,1000,NPK 15-10-12
57.5,29.3,2994.0,30.8,70.6,1000,Flushing Air
42.7,26.9,2639.0,27.7,89.7,0,Flushing Air
42.4,29.1,738.0,30.1,92.0,1000,NPK 15-10-12
79.6,25.5,490.0,33.2,60.8,1000,SP-36
67.7,31.6,2880.0,32.4,92.1,0,Flushing Air
60.4,31.9,126.0,27.6,87.2,0,Urea
70.6,25.3,482.0,26.3,75.5,0,ZA
44.2,30.1,1110.0,32.7,76.7,1000,NPK 15-10-12
52.9,31.1,2592.0,33.6,60.7,0,Flushing Air
73.4,30.6,620.0,31.9,83.7,1000,SP-36
85.4,26.0,1728.0,29.6,78.3,1000,KCl
75.0,31.6,924.0,26.7,81.0,1000,SP-36
56.0,31.9,1555.0,30.1,86.4,0,Urea
51.5,30.2,721.0,32.6,80.6,0,Urea
74.6,25.8,272.0,30.2,64.4,1000,SP-36
75.1,26.0,2650.0,33.2,67.7,1000,Flushing Air
43.3,28.8,1375.0,28.6,79.5,1000,NPK 15-10-12
50.0,29.1,1173.0,28.9,93.3,0,Urea
86.1,25.6,507.0,32.8,67.0,0,ZA
58.4,29.5,1051.0,29.2,75.4,1000,NPK 15-10-12
67.8,26.6,594.0,28.2,94.9,0,Urea
75.0,27.4,1986.0,32.0,84.2,1000,SP-36
54.7,31.0,1598.0,26.8,71.5,0,Urea
64.0,28.2,852.0,33.0,71.9,0,Urea
47.7,27.7,2885.0,30.6,76.5,0,Flushing Air
49.5,30.7,2878.0,29.8,74.2,0,Flushing Air
49.6,30.6,1992.0,29.2,84.4,1000,NPK 15-10-12
88.4,27.1,1712.0,27.3,65.9,1000,KCl
74.0,29.7,1236.0,28.5,84.9,1000,SP-36
42.2,25.1,1223.0,28.1,83.3,0,Urea
70.9,25.8,1341.0,28.2,84.8,0,ZA
68.2,30.6,532.0,26.7,90.1,1000,SP-36
75.2,30.8,2065.0,32.1,68.1,0,Flushing Air
51.3,29.3,2977.0,29.7,63.4,1000,Flushing Air
67.0,25.7,389.0,32.8,81.1,0,Urea
50.1,27.9,1051.0,29.8,63.7,1000,NPK 15-10-12
72.9,28.7,2723.0,32.0,77.8,1000,Flushing Air
56.9,27.1,1888.0,27.5,90.9,0,Urea
81.4,27.2,1257.0,26.4,78.2,1000,KCl
70.1,26.8,877.0,32.6,81.9,1000,SP-36
83.1,28.3,1618.0,31.3,76.0,0,ZA
46.3,25.1,2608.0,27.3,61.2,1000,Flushing Air
57.7,29.4,1791.0,27.9,62.8,1000,NPK 15-10-12
65.0,28.8,1004.0,29.6,64.7,0,Urea
44.8,31.1,933.0,26.2,88.6,0,Urea
45.5,31.3,1533.0,33.8,73.9,1000,NPK 15-10-12
79.8,28.4,1479.0,28.8,90.5,0,ZA
53.6,31.2,1067.0,27.8,68.7,0,Urea
72.9,26.1,1135.0,27.0,74.1,0,ZA
43.1,31.0,1290.0,31.9,68.5,0,Urea
68.0,25.6,1973.0,34.0,82.5,1000,SP-36
47.1,28.4,2157.0,28.7,70.6,1000,Flushing Air
57.6,29.9,2311.0,26.4,70.0,0,Flushing Air
41.7,26.7,815.0,27.4,63.4,0,Urea
57.5,30.8,2035.0,26.7,67.7,0,Flushing Air
80.1,29.5,2834.0,29.2,93.0,1000,Flushing Air
41.7,28.8,2027.0,32.6,79.2,0,Flushing Air
87.4,26.4,162.0,29.4,94.8,0,ZA
70.1,25.1,1347.0,30.1,90.0,1000,SP-36
46.3,27.2,2111.0,32.4,62.2,1000,Flushing Air
40.0,29.1,1359.0,27.4,77.0,1000,NPK 15-10-12
67.1,29.5,1802.0,26.4,61.6,1000,SP-36
56.7,25.8,1650.0,29.6,74.5,0,Urea
71.2,28.5,2320.0,33.5,77.2,0,Flushing Air
78.2,26.4,182.0,29.5,80.0,0,ZA
47.0,31.5,489.0,30.6,77.4,0,Urea
50.8,29.5,1696.0,29.4,94.3,1000,NPK 15-10-12
86.1,27.4,2053.0,26.5,82.7,1000,Flushing Air
72.0,30.8,1524.0,31.1,64.3,0,ZA
74.6,25.2,2723.0,26.3,80.5,0,Flushing Air
45.4,29.6,822.0,26.7,71.7,1000,NPK 15-10-12
57.8,30.1,1273.0,26.3,83.3,1000,NPK 15-10-12
88.1,29.0,2650.0,28.6,61.3,1000,Flushing Air
54.9,26.1,1046.0,28.6,89.3,1000,NPK 15-10-12
58.6,27.0,1339.0,28.9,80.4,1000,NPK 15-10-12
59.9,27.8,1202.0,33.9,61.5,1000,NPK 15-10-12
75.7,31.1,2562.0,30.7,71.7,0,Flushing Air
81.4,25.5,2161.0,31.7,86.0,0,Flushing Air
65.8,27.4,109.0,32.1,81.8,0,Urea
77.3,30.5,2189.0,26.0,81.1,1000,Flushing Air
72.7,31.9,455.0,26.8,68.4,1000,SP-36
69.3,30.3,1532.0,30.5,90.2,0,Urea
70.5,26.3,1164.0,29.7,71.6,1000,SP-36
48.5,28.4,1982.0,26.3,78.8,0,Urea
59.6,31.8,2542.0,33.7,70.8,0,Flushing Air
54.5,31.3,1097.0,30.2,60.3,1000,NPK 15-10-12
87.6,27.8,1438.0,29.9,73.4,0,ZA
56.6,31.1,1326.0,30.5,83.7,0,Urea
44.9,26.4,1287.0,31.8,76.0,0,Urea
89.7,31.3,1643.0,33.0,83.6,1000,KCl
54.6,28.0,2740.0,32.4,70.2,0,Flushing Air
44.1,26.6,1472.0,26.5,70.1,1000,NPK 15-10-12
65.8,30.8,2230.0,33.1,81.8,0,Flushing Air
79.9,27.8,1713.0,30.1,89.3,0,ZA
71.6,26.1,1464.0,30.4,62.0,1000,SP-36
72.0,25.6,333.0,31.8,92.1,1000,SP-36
41.1,26.5,2878.0,26.1,93.7,1000,Flushing Air
57.1,25.2,905.0,28.6,92.1,1000,NPK 15-10-12
61.0,26.2,829.0,26.1,81.8,0,Urea
45.8,30.3,2543.0,31.2,77.8,1000,Flushing Air
83.6,25.5,2256.0,30.4,75.3,1000,Flushing Air
76.5,29.3,2287.0,26.8,72.8,1000,Flushing Air
80.8,27.9,1201.0,27.3,64.0,0,ZA
79.3,26.7,745.0,27.6,94.1,0,ZA
58.1,28.4,1193.0,29.3,91.2,1000,NPK 15-10-12
84.6,25.5,2276.0,26.7,69.3,1000,Flushing Air
89.4,26.1,1209.0,30.3,60.5,1000,KCl
76.2,26.2,2925.0,26.1,85.2,1000,Flushing Air
71.3,25.0,123.0,32.0,62.7,0,ZA
42.1,25.4,1707.0,32.0,70.7,0,Urea
58.1,29.9,2810.0,28.0,92.6,1000,Flushing Air
64.7,25.5,1235.0,28.2,74.0,0,Urea
82.5,27.5,2344.0,30.0,61.7,0,Flushing Air
48.1,30.5,1483.0,28.6,91.9,0,Urea
75.2,30.7,2219.0,33.6,81.6,1000,Flushing Air
83.0,27.8,140.0,33.3,68.7,1000,KCl
70.3,28.2,1053.0,31.8,89.1,0,ZA
48.9,30.4,2799.0,26.2,92.1,1000,Flushing Air
46.9,26.6,1085.0,33.5,92.9,1000,NPK 15-10-12
54.2,28.9,218.0,28.5,81.7,1000,NPK 15-10-12
46.5,28.6,1974.0,26.9,92.3,0,Urea
42.0,30.9,1659.0,27.7,63.0,1000,NPK 15-10-12
54.5,30.7,1126.0,26.5,60.2,0,Urea
80.9,28.3,822.0,30.0,65.2,0,ZA
70.0,25.5,359.0,31.4,66.7,1000,SP-36
49.3,26.7,1254.0,29.3,61.6,1000,NPK 15-10-12
55.8,30.3,2262.0,32.3,91.9,0,Flushing Air
84.1,25.3,1497.0,27.0,84.4,1000,KCl
75.3,27.9,2195.0,29.9,81.0,1000,Flushing Air
77.8,29.8,653.0,26.6,87.1,1000,SP-36
69.2,30.0,2731.0,31.0,63.0,0,Flushing Air
42.8,25.0,2945.0,31.7,71.6,1000,Flushing Air
60.9,25.1,323.0,29.8,66.4,0,Urea
79.6,26.0,2904.0,26.5,65.0,1000,Flushing Air
64.2,27.6,512.0,33.9,77.2,0,Urea
44.3,26.5,2529.0,32.2,95.0,0,Flushing Air
66.8,27.4,2441.0,33.8,88.7,0,Flushing Air
67.8,29.0,1922.0,27.2,94.8,1000,SP-36
45.0,30.5,2170.0,26.2,62.3,1000,Flushing Air
48.2,32.0,2599.0,27.5,64.5,0,Flushing Air
47.9,31.3,1020.0,31.4,62.3,0,Urea
44.0,26.5,805.0,30.4,77.5,0,Urea
70.9,30.8,715.0,31.2,85.6,1000,SP-36
42.1,26.7,1564.0,33.3,77.3,0,Urea
44.7,31.2,585.0,33.8,71.6,0,Urea
59.4,27.0,494.0,31.2,60.1,0,Urea
42.2,31.7,1005.0,29.5,83.2,1000,NPK 15-10-12
51.2,26.3,453.0,30.6,86.0,0,Urea
76.9,30.2,490.0,29.1,85.1,0,ZA
72.7,27.5,1991.0,29.5,93.6,1000,SP-36
46.8,25.9,1234.0,30.0,73.0,0,Urea
72.8,28.1,1762.0,28.3,84.7,1000,SP-36
43.5,31.4,1675.0,28.4,61.3,0,Urea
87.1,28.9,2166.0,28.2,81.0,1000,Flushing Air
62.3,25.5,1150.0,31.3,91.1,0,Urea
43.5,29.4,594.0,32.3,92.5,0,Urea
90.0,26.6,912.0,30.0,72.5,1000,KCl
50.0,27.1,2711.0,28.2,86.6,1000,Flushing Air
48.7,28.4,691.0,31.8,67.8,0,Urea
43.8,28.6,2296.0,33.7,70.4,0,Flushing Air
71.4,28.9,835.0,29.9,65.8,1000,SP-36
50.2,25.1,1217.0,32.1,85.5,0,Urea
75.0,29.8,639.0,32.1,87.2,0,ZA
43.5,30.1,2287.0,29.0,66.3,1000,Flushing Air
78.6,29.0,260.0,28.9,90.4,1000,SP-36
51.8,28.6,1459.0,31.2,71.1,0,Urea
52.8,29.1,2088.0,32.6,78.0,0,Flushing Air
69.0,30.8,2793.0,33.7,72.5,1000,Flushing Air
63.3,29.4,607.0,27.6,71.2,0,Urea
53.1,29.9,883.0,30.5,93.4,0,Urea
49.0,31.3,2717.0,32.4,66.7,0,Flushing Air
63.3,25.9,763.0,30.4,73.4,0,Urea
76.5,31.3,905.0,27.0,73.3,0,ZA
86.2,26.3,2293.0,27.3,88.9,0,Flushing Air
49.1,30.9,465.0,27.2,64.9,0,Urea
48.5,28.5,2419.0,27.8,66.5,1000,Flushing Air
53.2,26.9,2467.0,34.0,61.1,1000,Flushing Air
77.0,31.4,1743.0,33.1,91.4,1000,SP-36
53.6,28.3,1645.0,30.7,94.0,0,Urea
86.6,29.2,2633.0,28.9,89.8,0,Flushing Air
85.8,27.8,2379.0,30.1,66.6,1000,Flushing Air
47.8,27.5,297.0,32.3,84.2,0,Urea
87.4,29.0,1339.0,30.7,77.7,0,ZA
70.9,29.3,2127.0,26.6,66.4,0,Flushing Air
46.2,25.1,1846.0,30.3,77.6,0,Urea
74.5,30.8,1188.0,33.0,75.2,1000,SP-36
82.4,25.8,1658.0,28.6,80.5,1000,KCl
63.7,25.5,2218.0,32.3,89.3,0,Flushing Air
47.3,27.5,405.0,32.7,83.8,1000,NPK 15-10-12
46.5,29.6,1574.0,28.6,83.9,0,Urea
86.3,29.7,2196.0,33.9,73.7,1000,Flushing Air
75.4,31.4,2772.0,32.7,70.2,1000,Flushing Air
89.4,29.3,764.0,29.1,77.0,1000,KCl
83.6,30.5,255.0,31.2,71.8,0,ZA
42.7,27.9,466.0,27.7,85.2,1000,NPK 15-10-12
49.1,26.4,2911.0,29.4,72.9,0,Flushing Air
73.5,30.5,2431.0,29.6,64.7,1000,Flushing Air
85.0,29.8,995.0,27.3,71.9,1000,KCl
76.2,31.3,2550.0,26.1,76.5,0,Flushing Air
65.8,28.5,910.0,28.9,62.1,0,Urea
78.2,28.7,642.0,26.4,81.6,1000,SP-36
86.3,28.5,2110.0,29.6,86.5,0,Flushing Air
73.2,26.1,984.0,29.4,62.2,1000,SP-36
68.3,25.2,951.0,31.4,83.9,1000,SP-36
74.1,25.6,196.0,29.2,73.3,1000,SP-36
58.4,25.3,1650.0,29.6,61.6,0,Urea
61.7,25.9,838.0,32.4,79.0,1000,NPK 15-10-12
80.7,28.1,1830.0,28.1,81.2,0,ZA
60.1,25.5,715.0,33.7,81.9,0,Urea
52.6,26.2,1848.0,28.8,72.5,0,Urea
81.4,27.1,1246.0,26.1,71.8,1000,KCl
47.2,27.5,2692.0,31.0,72.4,1000,Flushing Air
41.3,30.9,216.0,30.9,88.6,1000,NPK 15-10-12
64.8,30.3,639.0,33.5,63.0,1000,NPK 15-10-12
78.2,30.9,2448.0,28.3,66.3,0,Flushing Air
78.0,29.8,1606.0,26.2,83.3,1000,SP-36
87.5,26.2,2415.0,32.5,91.2,1000,Flushing Air
82.6,30.5,2297.0,32.5,80.9,0,Flushing Air
61.3,28.3,1327.0,32.7,82.2,1000,NPK 15-10-12
88.7,31.2,1240.0,26.2,93.7,1000,KCl
53.7,25.4,1224.0,28.2,86.3,1000,NPK 15-10-12
66.9,29.6,2886.0,26.1,70.1,1000,Flushing Air
86.8,26.1,1328.0,31.4,90.0,0,ZA
56.4,26.1,1524.0,26.8,94.3,1000,NPK 15-10-12
46.7,30.8,1901.0,26.2,64.1,1000,NPK 15-10-12
51.3,26.8,1524.0,27.9,69.1,1000,NPK 15-10-12
51.9,28.7,1032.0,33.7,78.2,0,Urea
73.6,26.6,2966.0,26.3,78.1,0,Flushing Air
62.3,27.5,568.0,33.4,85.3,0,Urea
50.5,27.1,1065.0,31.2,87.6,0,Urea
43.4,25.4,1362.0,32.1,75.6,1000,NPK 15-10-12
72.0,25.9,1951.0,33.6,71.6,1000,SP-36
55.5,30.4,2984.0,26.5,70.3,1000,Flushing Air
66.1,28.9,1874.0,32.6,70.9,1000,SP-36
62.0,28.2,2915.0,31.3,71.3,1000,Flushing Air
58.2,30.4,624.0,29.9,92.5,1000,NPK 15-10-12
75.5,30.7,2212.0,30.9,92.0,0,Flushing Air
82.9,28.3,1228.0,33.9,72.1,0,ZA
44.6,27.1,655.0,31.0,65.6,0,Urea
74.3,29.4,1630.0,32.2,74.7,0,ZA
50.8,26.2,1087.0,26.1,68.4,1000,NPK 15-10-12
85.0,29.0,758.0,32.7,79.7,1000,KCl
81.0,30.8,1517.0,26.4,64.3,1000,KCl
62.2,25.4,2061.0,27.7,67.2,1000,Flushing Air
85.3,31.0,1705.0,28.4,62.2,0,ZA
74.5,27.6,835.0,29.6,65.7,0,ZA
42.2,27.0,2411.0,27.0,91.3,1000,Flushing Air
59.8,31.4,914.0,30.1,60.4,0,Urea
59.8,27.8,2706.0,28.9,94.4,1000,Flushing Air
44.9,27.9,1127.0,31.9,72.1,1000,NPK 15-10-12
85.0,31.7,119.0,29.7,88.8,0,ZA
59.6,30.7,2638.0,30.2,67.6,0,Flushing Air
62.1,30.9,219.0,27.4,84.6,0,Urea
79.3,30.9,1473.0,28.5,76.7,1000,SP-36
40.4,27.6,632.0,33.7,87.0,0,Urea
59.1,25.4,2166.0,26.0,76.1,0,Flushing Air
46.9,27.9,2378.0,27.8,71.7,0,Flushing Air
71.8,29.9,2847.0,31.7,76.2,1000,Flushing Air
83.7,31.1,1008.0,27.6,66.8,0,ZA
45.4,27.4,2175.0,28.2,91.6,1000,Flushing Air
83.6,31.9,2376.0,32.6,65.7,1000,Flushing Air
61.4,25.1,1881.0,28.4,82.3,0,Urea
80.7,26.4,1347.0,28.2,87.5,1000,KCl
65.3,28.5,607.0,33.9,91.9,0,Urea
52.9,28.7,1241.0,27.3,76.8,1000,NPK 15-10-12
42.6,31.0,2538.0,29.4,88.5,0,Flushing Air
49.7,27.6,754.0,28.0,67.8,0,Urea
83.2,25.4,1939.0,30.8,89.8,1000,KCl
42.5,28.6,1919.0,32.6,93.4,0,Urea
60.4,28.2,1114.0,27.6,67.2,1000,NPK 15-10-12
47.1,27.7,1310.0,27.1,88.1,1000,NPK 15-10-12
60.5,30.3,1991.0,33.9,94.1,0,Urea
88.3,31.2,2680.0,33.5,76.3,0,Flushing Air
45.7,29.9,863.0,32.3,64.6,0,Urea
44.0,31.3,2603.0,26.8,74.6,1000,Flushing Air
84.2,30.2,2556.0,33.5,65.8,0,Flushing Air
60.0,29.7,1368.0,29.2,80.4,0,Urea
80.7,31.1,1208.0,31.6,66.6,1000,KCl
56.9,30.7,2126.0,29.1,60.2,1000,Flushing Air
57.6,28.1,601.0,26.1,81.4,0,Urea
68.2,25.7,1271.0,28.4,94.0,1000,SP-36
77.6,28.4,872.0,29.6,64.9,1000,SP-36
43.4,29.3,2156.0,26.9,89.4,0,Flushing Air
71.8,28.7,2394.0,29.4,71.9,0,Flushing Air
44.6,25.6,1725.0,28.9,88.7,0,Urea
52.0,25.1,470.0,32.5,85.3,0,Urea
75.9,26.6,2407.0,29.1,66.9,1000,Flushing Air
53.0,29.3,2643.0,28.0,61.9,0,Flushing Air
47.9,28.4,1074.0,29.6,75.4,1000,NPK 15-10-12
63.4,29.3,1818.0,30.2,90.7,0,Urea
83.7,26.7,797.0,32.8,83.6,0,ZA
44.4,31.5,2267.0,32.0,81.1,1000,Flushing Air
88.8,28.5,2675.0,33.2,86.9,1000,Flushing Air
75.7,26.1,2852.0,32.1,73.4,1000,Flushing Air
40.1,25.5,1873.0,26.7,91.3,1000,NPK 15-10-12
77.2,29.4,2707.0,26.2,74.5,1000,Flushing Air
77.8,29.8,2717.0,28.4,88.8,1000,Flushing Air
84.8,29.1,1404.0,32.9,69.7,0,ZA
46.5,25.9,1257.0,32.3,69.7,0,Urea
88.8,31.8,1183.0,30.4,81.1,0,ZA
53.8,31.0,1450.0,26.3,67.9,0,Urea
88.5,29.3,886.0,28.2,70.7,1000,KCl
53.3,26.9,2754.0,28.6,73.5,0,Flushing Air
62.9,31.4,917.0,27.3,69.3,0,Urea
58.7,29.3,578.0,32.7,72.3,1000,NPK 15-10-12
63.6,29.2,2005.0,26.0,88.6,1000,Flushing Air
66.3,26.0,1200.0,34.0,85.3,0,Urea
74.6,28.7,2586.0,26.0,92.9,1000,Flushing Air
89.7,26.6,207.0,30.1,67.6,1000,KCl
89.1,28.1,1124.0,27.8,67.8,1000,KCl
47.7,26.3,2646.0,29.1,81.0,1000,Flushing Air
71.4,31.6,1664.0,31.1,92.6,0,ZA
48.5,30.0,2962.0,26.2,73.7,0,Flushing Air
89.0,29.0,1975.0,30.6,71.5,0,ZA
59.3,26.4,2105.0,30.5,69.8,0,Flushing Air
42.9,25.5,389.0,26.7,68.1,0,Urea
46.9,26.2,965.0,27.9,89.4,0,Urea
72.3,28.2,2510.0,30.6,68.3,0,Flushing Air
44.0,31.9,782.0,26.7,63.1,0,Urea
59.9,26.2,1310.0,26.1,75.3,0,Urea
82.0,31.2,1193.0,27.0,75.6,0,ZA
76.2,25.5,2837.0,32.2,65.2,1000,Flushing Air
68.4,29.1,191.0,31.6,89.3,0,Urea
60.4,31.0,566.0,27.8,84.6,1000,NPK 15-10-12
49.1,26.3,378.0,27.6,91.1,1000,NPK 15-10-12
65.3,29.3,2147.0,27.6,66.0,0,Flushing Air
80.9,25.7,1057.0,29.3,65.3,1000,KCl
77.0,26.5,2234.0,31.2,82.9,1000,Flushing Air
73.4,25.3,985.0,26.1,71.2,1000,SP-36
41.2,25.8,1968.0,28.7,82.2,1000,NPK 15-10-12
68.6,31.2,1227.0,31.5,90.2,0,Urea
50.9,30.3,123.0,26.2,89.2,0,Urea
46.5,27.2,924.0,30.3,63.5,0,Urea
62.0,31.7,2533.0,26.5,87.6,1000,Flushing Air
85.2,29.8,931.0,29.5,89.8,0,ZA
63.3,30.0,2320.0,31.5,87.5,1000,Flushing Air
72.6,25.8,363.0,27.9,63.7,0,ZA
79.2,28.4,2265.0,32.3,74.7,0,Flushing Air
63.1,31.2,2819.0,31.0,76.6,0,Flushing Air
74.6,25.9,2817.0,32.8,83.6,0,Flushing Air
61.3,28.5,2043.0,32.8,84.1,1000,Flushing Air
66.9,25.9,1428.0,27.0,86.8,1000,SP-36
64.5,28.3,1491.0,26.2,73.0,1000,NPK 15-10-12
49.5,31.7,1458.0,33.7,77.6,1000,NPK 15-10-12
78.7,27.9,2780.0,30.1,67.7,0,Flushing Air
51.7,29.3,1316.0,29.2,90.1,0,Urea
60.9,26.8,2360.0,31.5,64.7,1000,Flushing Air
85.2,30.8,839.0,32.0,88.3,0,ZA
85.1,25.3,254.0,33.6,69.2,0,ZA
84.6,25.3,1138.0,31.2,68.1,1000,KCl
75.0,25.9,1302.0,27.2,74.9,1000,SP-36
55.6,28.3,2201.0,31.7,90.7,0,Flushing Air
76.2,25.1,1758.0,29.3,92.1,0,ZA
72.1,29.9,1806.0,29.0,75.9,1000,SP-36
60.9,27.2,428.0,30.9,65.1,1000,NPK 15-10-12
84.3,28.9,1508.0,30.2,62.3,1000,KCl
87.1,28.4,1257.0,30.9,61.6,0,ZA
52.5,25.4,1922.0,31.3,74.3,1000,NPK 15-10-12
83.3,28.6,1601.0,28.7,91.2,0,ZA
74.6,26.7,2576.0,32.0,80.6,1000,Flushing Air
59.6,28.7,345.0,27.0,90.5,0,Urea
86.9,29.0,2322.0,33.9,65.9,0,Flushing Air
85.3,29.5,2718.0,28.4,91.4,0,Flushing Air
83.9,29.5,2217.0,32.2,92.3,1000,Flushing Air
64.3,25.4,586.0,26.3,70.8,1000,NPK 15-10-12
65.8,26.5,573.0,29.6,82.3,1000,SP-36
57.2,31.5,2584.0,31.2,87.0,0,Flushing Air
55.2,29.3,1146.0,33.3,85.7,0,Urea
69.1,29.7,2613.0,27.2,85.8,1000,Flushing Air
74.9,30.2,732.0,31.6,66.9,1000,SP-36
76.6,32.0,2758.0,26.3,69.7,0,Flushing Air
88.4,31.2,2979.0,32.6,80.8,1000,Flushing Air
67.4,26.0,1031.0,32.1,70.2,1000,SP-36
44.9,26.4,190.0,32.4,75.7,0,Urea
88.3,31.2,1647.0,33.4,72.3,0,ZA
67.8,25.4,1524.0,26.2,72.7,0,Urea
77.7,25.3,592.0,34.0,82.4,1000,SP-36
45.2,28.0,2824.0,31.4,88.4,1000,Flushing Air
78.6,27.2,2134.0,30.2,73.1,0,Flushing Air
59.8,26.5,2079.0,28.5,92.8,0,Flushing Air
66.5,29.4,2977.0,33.8,65.3,0,Flushing Air
43.2,29.6,2288.0,26.1,60.5,0,Flushing Air
65.2,31.9,2558.0,27.2,61.0,0,Flushing Air
46.2,26.5,2755.0,26.8,78.1,0,Flushing Air
73.5,30.3,314.0,26.7,63.9,0,ZA
59.3,25.4,1461.0,26.0,60.8,1000,NPK 15-10-12
53.8,29.2,2972.0,27.2,85.6,0,Flushing Air
62.9,31.2,2437.0,26.9,65.0,0,Flushing Air
86.1,28.3,1231.0,30.2,73.2,0,ZA
69.4,28.7,2518.0,29.8,87.8,1000,Flushing Air
70.6,30.5,481.0,26.5,83.7,0,ZA
63.6,28.4,710.0,32.7,70.1,0,Urea
50.6,26.5,2248.0,32.4,93.6,1000,Flushing Air
45.2,29.4,2369.0,26.3,73.1,0,Flushing Air
63.3,32.0,1190.0,33.2,66.8,0,Urea
64.1,29.1,2312.0,32.3,63.5,1000,Flushing Air
63.8,26.5,2008.0,28.3,77.0,1000,Flushing Air
63.0,25.4,1867.0,29.7,65.5,1000,NPK 15-10-12
45.1,30.8,402.0,32.2,91.5,1000,NPK 15-10-12
78.0,27.4,1980.0,28.4,68.9,1000,SP-36
58.6,29.8,1939.0,30.5,82.1,0,Urea
79.7,25.2,2638.0,32.1,68.8,1000,Flushing Air
65.7,25.8,431.0,33.1,90.8,0,Urea
73.4,28.2,104.0,28.0,62.8,1000,SP-36
46.2,31.9,2853.0,26.5,66.0,0,Flushing Air
58.0,29.1,382.0,27.3,94.0,1000,NPK 15-10-12
49.9,30.9,350.0,31.3,82.7,1000,NPK 15-10-12
84.6,25.5,862.0,32.0,94.7,0,ZA
72.9,28.0,2301.0,32.7,76.3,1000,Flushing Air
70.3,28.0,2901.0,31.4,69.9,1000,Flushing Air
53.2,25.8,2876.0,30.3,79.1,0,Flushing Air
40.9,27.8,1978.0,33.6,74.7,0,Urea
78.0,26.2,1844.0,27.7,68.3,1000,SP-36
51.1,27.0,1648.0,28.7,68.3,1000,NPK 15-10-12
49.5,31.9,362.0,30.6,64.6,0,Urea
72.1,26.7,326.0,33.3,66.3,0,ZA
52.3,28.7,602.0,31.1,83.8,1000,NPK 15-10-12
45.4,25.4,2296.0,26.7,69.4,1000,Flushing Air
54.6,30.0,671.0,29.0,89.2,0,Urea
61.7,26.0,1482.0,33.3,84.1,1000,NPK 15-10-12
52.0,26.2,2262.0,33.1,93.7,0,Flushing Air
56.4,26.5,1533.0,33.7,81.8,0,Urea
87.5,28.4,2431.0,30.9,79.6,1000,Flushing Air
86.3,26.5,1296.0,26.4,87.9,1000,KCl
84.1,25.3,2726.0,32.6,72.0,0,Flushing Air
71.0,26.2,1010.0,32.7,61.5,1000,SP-36
82.6,27.6,2335.0,26.3,85.2,1000,Flushing Air
76.0,26.0,2501.0,27.2,71.2,0,Flushing Air
53.5,25.2,1438.0,32.7,72.1,0,Urea
54.3,27.2,230.0,30.2,61.0,0,Urea
41.5,31.9,967.0,31.1,72.3,1000,NPK 15-10-12
81.5,30.1,1732.0,29.2,80.5,0,ZA
78.7,26.1,1246.0,33.9,66.8,0,ZA
48.9,26.0,2518.0,33.2,83.0,0,Flushing Air
65.3,31.3,1669.0,32.7,74.5,0,Urea
68.0,28.3,2029.0,31.7,91.9,1000,Flushing Air
62.4,26.6,1299.0,28.8,77.8,1000,NPK 15-10-12
54.8,28.6,2658.0,32.9,80.4,1000,Flushing Air
85.9,28.9,1443.0,33.0,91.2,0,ZA
43.8,26.3,2379.0,30.2,83.5,0,Flushing Air
47.8,28.8,2382.0,29.4,64.7,1000,Flushing Air
84.7,26.0,533.0,28.5,89.9,0,ZA
86.6,28.6,708.0,27.1,72.1,1000,KCl
46.7,27.3,684.0,31.2,84.1,1000,NPK 15-10-12
81.2,26.4,136.0,33.8,68.7,0,ZA
64.1,28.4,1310.0,30.8,72.4,1000,NPK 15-10-12
76.8,31.5,161.0,33.3,63.7,0,ZA
86.7,30.7,439.0,28.8,71.1,1000,KCl
82.4,27.5,1076.0,26.5,62.6,1000,KCl
81.0,29.0,211.0,29.6,73.4,0,ZA
78.4,30.1,158.0,29.0,90.0,1000,SP-36
41.0,25.7,2394.0,31.1,66.5,1000,Flushing Air
63.8,27.0,1326.0,26.9,71.5,1000,NPK 15-10-12
88.0,29.0,1810.0,30.7,87.3,0,ZA
85.2,31.3,771.0,27.5,69.2,0,ZA
53.8,31.7,1449.0,27.2,65.2,1000,NPK 15-10-12
64.2,29.7,2716.0,30.1,79.9,1000,Flushing Air
72.1,27.3,1886.0,32.7,89.8,0,ZA
42.8,30.9,2455.0,31.3,89.6,1000,Flushing Air
67.8,25.4,2266.0,26.8,84.7,0,Flushing Air
82.7,28.6,2280.0,31.7,76.1,1000,Flushing Air
48.0,28.4,801.0,26.8,73.3,1000,NPK 15-10-12
82.2,29.4,776.0,29.1,70.1,0,ZA
53.3,31.8,2917.0,26.8,88.2,1000,Flushing Air
79.4,30.2,2145.0,32.9,71.8,1000,Flushing Air
79.7,27.9,2863.0,33.5,62.3,0,Flushing Air
87.0,27.0,1715.0,31.6,64.5,0,ZA
88.4,27.3,474.0,27.3,63.2,1000,KCl
62.3,25.6,461.0,30.4,73.4,0,Urea
89.9,30.3,400.0,33.4,94.1,0,ZA
42.4,30.8,256.0,30.6,92.2,0,Urea
76.1,31.7,2865.0,33.4,83.7,1000,Flushing Air
41.9,29.4,345.0,26.7,91.0,1000,NPK 15-10-12
52.2,26.9,1780.0,29.2,82.3,0,Urea
59.3,27.1,2473.0,30.5,74.3,1000,Flushing Air
47.5,25.3,1540.0,29.4,75.2,1000,NPK 15-10-12
60.5,31.5,241.0,30.1,94.4,1000,NPK 15-10-12
49.0,27.6,2881.0,26.7,73.0,0,Flushing Air
53.1,30.9,1905.0,27.8,78.2,0,Urea
59.0,25.2,542.0,31.4,61.6,0,Urea
54.5,31.1,2182.0,27.4,93.3,1000,Flushing Air
53.8,28.6,2788.0,30.1,63.8,1000,Flushing Air
44.3,25.5,1556.0,29.3,78.2,1000,NPK 15-10-12
44.8,25.4,426.0,33.5,75.5,1000,NPK 15-10-12
56.2,31.4,2052.0,27.9,71.5,0,Flushing Air
69.5,28.6,1138.0,30.5,81.9,0,Urea
67.1,28.6,558.0,27.1,72.2,0,Urea
60.3,31.0,140.0,32.9,75.1,0,Urea
87.0,28.8,1904.0,26.0,78.9,0,ZA
84.4,26.2,194.0,26.4,62.1,0,ZA
77.8,25.2,1821.0,28.5,76.1,0,ZA
56.8,28.3,866.0,27.6,72.1,1000,NPK 15-10-12
82.7,25.3,1868.0,30.3,94.3,0,ZA
89.6,29.0,1485.0,31.0,64.9,0,ZA
41.8,26.8,2025.0,32.5,83.8,1000,Flushing Air
62.3,30.7,299.0,26.5,83.2,1000,NPK 15-10-12
82.1,25.4,1637.0,28.7,80.4,0,ZA
49.2,27.0,1410.0,28.7,79.1,0,Urea
59.1,26.6,971.0,32.9,92.7,1000,NPK 15-10-12
54.9,27.9,2367.0,27.3,67.0,1000,Flushing Air
69.5,26.6,1273.0,29.4,85.2,0,Urea
62.8,29.8,524.0,33.6,85.9,1000,NPK 15-10-12
69.7,31.9,1812.0,33.5,89.5,0,Urea
49.7,27.6,1720.0,26.1,85.2,1000,NPK 15-10-12
67.6,31.8,1509.0,26.8,84.6,0,Urea
88.0,26.6,1771.0,28.0,85.6,1000,KCl
57.1,31.1,2528.0,27.2,90.4,0,Flushing Air
83.3,25.1,784.0,31.5,92.7,0,ZA
55.5,26.3,175.0,26.3,62.4,1000,NPK 15-10-12
80.8,29.2,1810.0,26.1,81.0,0,ZA
83.0,26.1,2699.0,29.9,69.6,0,Flushing Air
53.6,30.4,1303.0,29.0,77.6,0,Urea
40.7,27.6,276.0,28.3,93.2,0,Urea
69.1,30.7,453.0,29.4,82.9,0,Urea
49.7,31.0,2278.0,29.6,79.2,1000,Flushing Air
54.6,28.9,2389.0,28.7,83.7,0,Flushing Air
88.7,29.2,1640.0,33.4,89.2,1000,KCl
52.6,29.2,2077.0,27.3,65.6,1000,Flushing Air
89.5,29.4,952.0,27.4,83.0,1000,KCl
66.3,28.8,1688.0,31.3,79.3,0,Urea
54.9,29.9,748.0,27.5,71.8,1000,NPK 15-10-12
57.9,26.8,2700.0,32.4,78.4,1000,Flushing Air
76.4,25.1,1976.0,31.9,80.7,0,ZA
51.8,29.4,2512.0,28.5,67.9,0,Flushing Air
55.4,30.2,591.0,32.0,71.1,1000,NPK 15-10-12
85.7,31.6,2595.0,26.9,79.2,1000,Flushing Air
58.1,27.6,2460.0,31.0,71.0,1000,Flushing Air
48.8,30.6,2474.0,28.0,72.4,1000,Flushing Air
56.4,29.4,2986.0,32.6,67.0,0,Flushing Air
54.2,30.6,1707.0,32.8,69.8,1000,NPK 15-10-12
87.0,29.2,480.0,31.7,87.3,0,ZA
70.8,27.4,1436.0,28.7,80.1,0,ZA
72.2,28.1,330.0,27.4,92.0,0,ZA
67.0,28.2,2998.0,33.4,69.6,1000,Flushing Air
57.9,28.3,1304.0,31.3,75.0,1000,NPK 15-10-12
50.8,28.3,111.0,30.0,70.1,0,Urea
68.6,25.0,765.0,33.1,82.7,0,Urea
50.0,31.1,1401.0,30.7,84.2,0,Urea
55.3,25.3,1803.0,27.2,71.9,0,Urea
46.1,30.0,1039.0,27.1,66.6,1000,NPK 15-10-12
81.1,26.6,2513.0,30.2,81.0,1000,Flushing Air
58.3,31.6,1077.0,27.1,89.0,0,Urea
59.5,28.6,986.0,26.1,83.1,1000,NPK 15-10-12
87.1,30.0,921.0,30.7,63.6,1000,KCl
79.7,30.4,1332.0,28.7,71.4,1000,SP-36
43.0,29.9,2925.0,27.6,71.7,0,Flushing Air
57.0,25.2,2880.0,27.9,89.4,1000,Flushing Air
88.8,27.7,939.0,28.9,67.3,1000,KCl
60.4,29.3,2352.0,30.1,78.6,0,Flushing Air
56.6,26.6,2322.0,31.8,71.5,1000,Flushing Air
77.3,28.7,2590.0,30.9,94.4,0,Flushing Air
67.9,30.8,1998.0,32.6,70.2,0,Urea
82.2,28.0,1040.0,26.2,77.0,1000,KCl
58.3,32.0,2730.0,32.7,84.6,1000,Flushing Air
62.1,27.7,2434.0,31.7,62.7,0,Flushing Air
72.5,30.4,1116.0,31.7,72.8,0,ZA
69.6,29.8,2011.0,30.5,87.7,1000,Flushing Air
77.8,29.1,2723.0,29.5,61.6,0,Flushing Air
55.6,26.9,2095.0,29.9,86.6,0,Flushing Air
57.4,29.5,303.0,30.6,94.3,0,Urea
59.5,28.9,2768.0,28.1,63.8,0,Flushing Air
53.3,27.0,1186.0,34.0,94.5,0,Urea
62.2,26.3,657.0,32.2,74.4,1000,NPK 15-10-12
78.5,28.9,2973.0,29.9,68.5,1000,Flushing Air
50.8,30.1,2267.0,27.2,71.6,1000,Flushing Air
68.8,28.0,2297.0,32.6,82.9,0,Flushing Air
67.9,31.4,2619.0,27.1,70.3,0,Flushing Air
58.9,31.6,733.0,30.7,81.7,0,Urea
86.4,26.0,2126.0,27.0,84.5,0,Flushing Air
61.8,25.5,2080.0,31.4,87.5,1000,Flushing Air
86.1,29.1,2689.0,32.6,60.7,0,Flushing Air
61.5,26.6,300.0,30.5,77.8,0,Urea
63.2,30.0,1937.0,27.7,94.9,1000,NPK 15-10-12
45.7,28.2,1704.0,32.8,73.9,1000,NPK 15-10-12
80.1,29.8,1327.0,28.0,83.9,1000,KCl
